,2008 [YR2008],2012 [YR2012],,,,,2008 [YR2008],2012 [YR2012],0.0528
559,0.4895,0.6015,,,,,0.49475,0.6064,
618,0.023186446,0.042324483,,,,,0.024083541,0.043161772,
753,0.109283333,0.09915,,,,,0.108808333,0.098706667,
1030,0.001,0.001,,,,,0.001,0.001,
1896,0.960533333,0.9584,,,,,0.960433333,0.958306667,
1955,0.179797852,0.314365613,,,,,0.186105716,0.320252953,
2090,0.0196,0.0164,,,,,0.01945,0.01626,
2690,0.937233137,0.92914279,,,,,0.936853902,0.928788837,
3233,0.838866667,0.8154,,,,,0.837766667,0.814373333,
3292,0.105750909,0.157129208,,,,,0.108159267,0.159377009,
3427,0.02326,0.01942,,,,,0.02308,0.019252,
5966,0.81144144,1.281116593,,,,,0.833457463,1.301664881,
6101,0.003683333,0.00315,,,,,0.003658333,0.003126667,
7244,0.5069,0.5293,,,,,0.50795,0.53028,
7303,0.038382099,0.06755741,,,,,0.039749692,0.06883383,
7438,0.18493,0.17501,,,,,0.184465,0.174576,
7715,0.021233333,0.0223,,,,,0.021283333,0.022346667,
8038,0.957464673,1.13689358,,,,,0.965875403,1.144743595,
8581,0.979233333,0.9803,,,,,0.979283333,0.980346667,
8640,0.362711398,0.466534932,,,,,0.367578126,0.471077211,
8775,0.01145,0.00985,,,,,0.011375,0.00978,
9918,0.9804,0.9868,,,,,0.9807,0.98708,
9977,0.282589543,0.388295664,,,,,0.287544518,0.392920307,
10112,0.015456667,0.01343,,,,,0.015361667,0.013341333,
10389,0.004,0.004,,,,,0.004,0.004,
11255,0.9712,0.9904,,,,,0.9721,0.99124,
11314,0.062831105,0.074801717,,,,,0.063392228,0.075325431,
11449,0.020283333,0.01655,,,,,0.020108333,0.016386667,
11726,0.001,0.001,,,,,0.001,0.001,
12592,0.967333333,0.978,,,,,0.967833333,0.978466667,
12651,0.327433333,0.4117,,,,,0.331383333,0.415386667,
13386,0.966635137,0.98502159,,,,,0.967497002,0.985825997,
13988,0.71655,0.81735,,,,,0.721275,0.82176,
14123,0.005183333,0.00465,,,,,0.005158333,0.004626667,
15325,0.72891,0.88987,,,,,0.736455,0.896912,
15460,0.00426,0.00362,,,,,0.00423,0.003592,
16060,0.83265945,0.82386105,,,,,0.832247025,0.82347612,
16603,0.798133333,0.8216,,,,,0.799233333,0.822626667,
16662,0.162993333,0.24342,,,,,0.166763333,0.246938667,
16797,0.04313,0.03321,,,,,0.042665,0.032776,
17074,0.002233333,0.0033,,,,,0.002283333,0.003346667,
17940,0.976933333,0.9812,,,,,0.977133333,0.981386667,
17999,0.281666667,0.335,,,,,0.284166667,0.337333333,
18134,0.0182,0.0182,,,,,0.0182,0.0182,
18411,0.035233333,0.0363,,,,,0.035283333,0.036346667,
19336,0.355819745,0.477967153,,,,,0.361545405,0.483311102,
19471,0.01066,0.01002,,,,,0.01063,0.009992,
20614,0.817133333,0.8406,,,,,0.818233333,0.841626667,
20673,0.021735582,0.038812528,,,,,0.022536064,0.039559644,
20808,0.056136667,0.04259,,,,,0.055501667,0.041997333,
21085,0.001,0.001,,,,,0.001,0.001,
21951,0.998,0.998,,,,,0.998,0.998,
22010,0.6016,0.6912,,,,,0.6058,0.69512,
22145,0.020123333,0.02023,,,,,0.020128333,0.020234667,
22422,0.009233333,0.0103,,,,,0.009283333,0.010346667,
23288,0.996,0.996,,,,,0.996,0.996,
23347,0.220059877,0.325476455,,,,,0.225001279,0.33008843,
23435,3.43333E-05,-0.000083,,,,,2.88333E-05,-8.81333E-05,
23482,0.007363333,0.00491,,,,,0.007248333,0.004802667,
23759,0.003233333,0.0043,,,,,0.003283333,0.004346667,
24082,0.989920233,1.0083149,,,,,0.990782483,1.009119667,
24684,0.669086667,0.78194,,,,,0.674376667,0.786877333,
24819,0.00463,0.00431,,,,,0.004615,0.004296,
25419,0.99055193,0.99422521,,,,,0.990724115,0.994385916,
25962,0.9434,0.9818,,,,,0.9452,0.98348,
26021,0.120421561,0.174462981,,,,,0.122954752,0.176827293,
26156,0.020173333,0.01868,,,,,0.020103333,0.018614667,
26433,0.016766667,0.0157,,,,,0.016716667,0.015653333,
27299,0.7303,0.7591,,,,,0.73165,0.76036,
27358,0.019317404,0.025796967,,,,,0.019621134,0.026080448,
27493,0.104493333,0.08572,,,,,0.103613333,0.084898667,
27770,0.012766667,0.0117,,,,,0.012716667,0.011653333,
28695,0.774678637,0.917182392,,,,,0.7813585,0.923416931,
29973,0.9397,0.9749,,,,,0.94135,0.97644,
30032,0.065647037,0.095119205,,,,,0.067028545,0.096408613,
30167,0.052413333,0.04196,,,,,0.051923333,0.041502667,
30444,0.002233333,0.0033,,,,,0.002283333,0.003346667,
31310,0.854833333,0.8815,,,,,0.856083333,0.882666667,
31369,0.119130856,0.183763599,,,,,0.122160516,0.186591282,
31504,0.04969,0.03913,,,,,0.049195,0.038668,
31781,0.002766667,0.0017,,,,,0.002716667,0.001653333,
32647,0.989166667,0.9945,,,,,0.989416667,0.994733333,
32706,0.3082524,0.441063369,,,,,0.314477914,0.446873849,
32841,0.008506667,0.00808,,,,,0.008486667,0.008061333,
33984,0.963166667,0.9685,,,,,0.963416667,0.968733333,
34043,0.057408592,0.07847644,,,,,0.058396147,0.079398158,
34178,0.05943,0.04631,,,,,0.058815,0.045736,
34455,0.244733333,0.2298,,,,,0.244033333,0.229146667,
35321,0.961333333,0.972,,,,,0.961833333,0.972466667,
35380,0.336348098,0.46228226,,,,,0.342251262,0.46779188,
35515,0.01888,0.01376,,,,,0.01864,0.013536,
36717,0.481716924,0.641337146,,,,,0.489199122,0.648320531,
36852,0.008406667,0.00798,,,,,0.008386667,0.007961333,
37452,0.953706513,0.93998726,,,,,0.953063423,0.939387043,
37995,0.996,0.996,,,,,0.996,0.996,
38054,0.37259,0.53803,,,,,0.380345,0.545268,
38189,0.01367,0.01079,,,,,0.013535,0.010664,
38789,0.579913327,0.71911162,,,,,0.586438247,0.725201545,
39332,0.740833333,0.7995,,,,,0.743583333,0.802066667,
39391,0.008315978,0.012046161,,,,,0.00849083,0.012209357,
39526,0.13494,0.10678,,,,,0.13362,0.105548,
39803,0.0113,0.0081,,,,,0.01115,0.00796,
40669,0.739866667,0.7484,,,,,0.740266667,0.748773333,
40728,0.007818859,0.011562214,,,,,0.007994329,0.011725986,
40863,0.12148,0.10676,,,,,0.12079,0.106116,
41140,0.013833333,0.0085,,,,,0.013583333,0.008266667,
41463,0.933040933,0.9000052,,,,,0.931492383,0.898559887,
42006,0.868966667,0.8871,,,,,0.869816667,0.887893333,
42065,0.089749103,0.121369239,,,,,0.091231297,0.12275262,
42200,0.02566,0.02182,,,,,0.02548,0.021652,
42477,0.002766667,0.0017,,,,,0.002716667,0.001653333,
42800,0.983990997,0.98783921,,,,,0.984171382,0.988007569,
43343,0.605266667,0.6842,,,,,0.608966667,0.687653333,
43402,0.005342314,0.007364324,,,,,0.005437096,0.007452787,
43537,0.04921,0.03097,,,,,0.048355,0.030172,
43814,0.009533333,0.0074,,,,,0.009433333,0.007306667,
44680,0.697233333,0.7303,,,,,0.698783333,0.731746667,
44739,0.033859157,0.05470102,,,,,0.03483612,0.055612851,
44874,0.112133333,0.0972,,,,,0.111433333,0.096546667,
45151,0.0483,0.0451,,,,,0.04815,0.04496,
46017,0.998,0.998,,,,,0.998,0.998,
46076,0.748902752,0.826172475,,,,,0.75252477,0.829553025,
46211,0.005853333,0.00564,,,,,0.005843333,0.005630667,
47354,0.952633333,0.9601,,,,,0.952983333,0.960426667,
47413,0.553833333,0.7085,,,,,0.561083333,0.715266667,
48148,0.60645935,0.70718095,,,,,0.611180675,0.71158752,
48691,0.660266667,0.6752,,,,,0.660966667,0.675853333,
48750,0.004113794,0.005739549,,,,,0.004190001,0.005810676,
48885,0.148563333,0.13971,,,,,0.148148333,0.139322667,
50028,0.4855,0.5015,,,,,0.48625,0.5022,
50087,0.009606956,0.014794203,,,,,0.009850108,0.015021145,
50222,0.168416667,0.15935,,,,,0.167991667,0.158953333,
50499,0.031066667,0.0268,,,,,0.030866667,0.026613333,
52159,1.007463093,1.27337712,,,,,1.019927813,1.285010859,
52702,0.976333333,0.987,,,,,0.976833333,0.987466667,
52761,0.37701821,0.459387168,,,,,0.380879255,0.46299081,
52896,0.009076667,0.00897,,,,,0.009071667,0.008965333,
53173,0.003,0.003,,,,,0.003,0.003,
54039,0.892933333,0.9292,,,,,0.894633333,0.930786667,
54098,0.1803,0.2731,,,,,0.18465,0.27716,
54186,0.000342667,0.000236,,,,,0.000337667,0.000231333,
54233,0.01853,0.01181,,,,,0.018215,0.011516,
54833,0.933837153,0.91342734,,,,,0.932880443,0.912534411,
55376,0.907933333,0.9122,,,,,0.908133333,0.912386667,
55435,0.247589723,0.382857026,,,,,0.253930377,0.388774971,
55570,0.02008,0.01816,,,,,0.01999,0.018076,
55847,0.004766667,0.0037,,,,,0.004716667,0.003653333,
56772,0.027736237,0.040244747,,,,,0.028322573,0.040791994,
56907,0.0883,0.0819,,,,,0.088,0.08162,
57184,0.001,0.001,,,,,0.001,0.001,
58050,0.4544,0.4608,,,,,0.4547,0.46108,
58109,0.004105514,0.005959291,,,,,0.00419241,0.006040394,
58244,0.16713,0.16361,,,,,0.166965,0.163456,
58521,0.012533333,0.0104,,,,,0.012433333,0.010306667,
59387,0.731733333,0.7488,,,,,0.732533333,0.749546667,
59446,0.031522176,0.049465637,,,,,0.032363275,0.050250663,
59581,0.10841,0.10297,,,,,0.108155,0.102732,
59858,0.0326,0.0262,,,,,0.0323,0.02592,
60724,0.960933333,0.9652,,,,,0.961133333,0.965386667,
60783,0.301751284,0.382900013,,,,,0.305555131,0.38645027,
60918,0.010353333,0.01014,,,,,0.010343333,0.010130667,
61195,0.003,0.003,,,,,0.003,0.003,
62061,0.791633333,0.7991,,,,,0.791983333,0.799426667,
62120,0.020218341,0.030359329,,,,,0.0206937,0.030802997,
62255,0.122413333,0.11196,,,,,0.121923333,0.111502667,
62532,0.0392,0.0264,,,,,0.0386,0.02584,
62855,0.998199527,1.03326982,,,,,0.999843447,1.034804145,
63398,0.985,0.985,,,,,0.985,0.985,
63457,0.43897,0.55129,,,,,0.444235,0.556204,
63592,0.00599,0.00503,,,,,0.005945,0.004988,
64192,0.995930473,1.03886018,,,,,0.997942803,1.040738355,
64735,0.927866667,0.9364,,,,,0.928266667,0.936773333,
64794,0.124558036,0.159566198,,,,,0.126199043,0.161097805,
64882,0.000183367,4.79E-05,,,,,0.000177017,4.19733E-05,
64929,0.006236667,0.00549,,,,,0.006201667,0.005457333,
65206,0.001,0.001,,,,,0.001,0.001,
66866,0.994775583,1.00097985,,,,,0.995066408,1.001251287,
67468,0.423893333,0.49792,,,,,0.427363333,0.501158667,
67603,0.00409,0.00313,,,,,0.004045,0.003088,
68746,0.998,0.998,,,,,0.998,0.998,
68805,0.557636667,0.73289,,,,,0.565851667,0.740557333,
68940,0.004513333,0.00366,,,,,0.004473333,0.003622667,
69540,0.968026377,0.95468867,,,,,0.967401172,0.954105145,
70142,0.859866667,0.9036,,,,,0.861916667,0.905513333,
70277,0.004483333,0.00395,,,,,0.004458333,0.003926667,
71420,0.895533333,0.9254,,,,,0.896933333,0.926706667,
71479,0.018156927,0.027102877,,,,,0.018576268,0.027494262,
71614,0.092073333,0.08418,,,,,0.091703333,0.083834667,
71891,0.018833333,0.0135,,,,,0.018583333,0.013266667,
72816,0.425972613,0.532157679,,,,,0.430950038,0.536803276,
72951,0.013536667,0.01279,,,,,0.013501667,0.012757333,
73551,0.896278667,0.9649944,,,,,0.899499717,0.968000713,
74094,0.827966667,0.8141,,,,,0.827316667,0.813493333,
74153,0.197120375,0.290927805,,,,,0.201517599,0.29503188,
74288,0.03083,0.02731,,,,,0.030665,0.027156,
74565,0.009533333,0.0074,,,,,0.009433333,0.007306667,
75431,0.839966667,0.8581,,,,,0.840816667,0.858893333,
75490,0.121919634,0.185552246,,,,,0.124902413,0.188336172,
75625,0.026493333,0.02372,,,,,0.026363333,0.023598667,
75902,0.006,0.006,,,,,0.006,0.006,
76768,0.986333333,0.997,,,,,0.986833333,0.997466667,
76827,0.16989,0.21373,,,,,0.171945,0.215648,
76962,0.025706667,0.01888,,,,,0.025386667,0.018581333,
77239,0.001,0.001,,,,,0.001,0.001,
77562,0.954723343,1.01625177,,,,,0.957607488,1.018943639,
78105,0.886433333,0.9067,,,,,0.887383333,0.907586667,
78164,0.06789,0.09893,,,,,0.069345,0.100288,
78299,0.01925,0.01445,,,,,0.019025,0.01424,
78576,0.006766667,0.0057,,,,,0.006716667,0.005653333,
79501,0.017235347,0.024842737,,,,,0.017591943,0.02517556,
79636,0.11501,0.10317,,,,,0.114455,0.102652,
79913,0.0571,0.0667,,,,,0.05755,0.06712,
80236,0.383309263,0.33480441,,,,,0.381035598,0.332682323,
80838,0.00460761,0.006928115,,,,,0.004716384,0.007029637,
80973,0.06146,0.05122,,,,,0.06098,0.050772,
81250,0.009066667,0.0048,,,,,0.008866667,0.004613333,
81573,0.956933737,0.94109619,,,,,0.956191352,0.940403297,
82116,0.991,0.991,,,,,0.991,0.991,
82175,0.69221,0.83077,,,,,0.698705,0.836832,
82310,0.005456667,0.00343,,,,,0.005361667,0.003341333,
83453,0.434066667,0.4938,,,,,0.436866667,0.496413333,
83512,0.004200886,0.006490651,,,,,0.004308219,0.006590828,
83647,0.088916667,0.06385,,,,,0.087741667,0.062753333,
83924,0.019133333,0.0106,,,,,0.018733333,0.010226667,
84849,0.781841601,0.882603207,,,,,0.786564802,0.887011527,
85584,0.99724964,1.00214308,,,,,0.99747902,1.002357168,
86127,0.954733333,0.9718,,,,,0.955533333,0.972546667,
86186,0.117109715,0.154281849,,,,,0.118852159,0.15590813,
86321,0.022253333,0.02204,,,,,0.022243333,0.022030667,
86598,0.001,0.001,,,,,0.001,0.001,
86921,0.97232855,0.96652855,,,,,0.972056675,0.9662748,
87523,0.827376667,0.91687,,,,,0.831571667,0.920785333,
87658,0.00343,0.00311,,,,,0.003415,0.003096,
88258,0.99576494,1.00900078,,,,,0.99638537,1.009579848,
88860,0.72376,1.01112,,,,,0.73723,1.023692,
88995,0.00433,0.00401,,,,,0.004315,0.003996,
90197,0.310879413,0.425071013,,,,,0.316232144,0.430066896,
91475,0.8979,0.9203,,,,,0.89895,0.92128,
91534,0.064175227,0.093913198,,,,,0.065569194,0.095214234,
91669,0.073276667,0.06677,,,,,0.072971667,0.066485333,
91946,0.054366667,0.0469,,,,,0.054016667,0.046573333,
92269,0.776345493,0.79383392,,,,,0.777165263,0.794599039,
92812,0.876433333,0.8967,,,,,0.877383333,0.897586667,
92871,0.06881012,0.099711815,,,,,0.070258637,0.101063765,
93006,0.08474,0.07258,,,,,0.08417,0.072048,
93283,0.014233333,0.0153,,,,,0.014283333,0.015346667,
94149,0.954833333,0.9815,,,,,0.956083333,0.982666667,
94208,0.092805484,0.139459122,,,,,0.094992373,0.141500219,
94343,0.022976667,0.01967,,,,,0.022821667,0.019525333,
94620,0.002233333,0.0033,,,,,0.002283333,0.003346667,
94943,1.002310477,1.02096637,,,,,1.003184972,1.021782565,
95545,0.775936667,0.88719,,,,,0.781151667,0.892057333,
95680,0.004406667,0.00398,,,,,0.004386667,0.003961333,
96280,0.751442007,0.87807518,,,,,0.757377937,0.883615381,
96823,0.8178,0.8626,,,,,0.8199,0.86456,
96882,0.043477472,0.06623163,,,,,0.044544073,0.067227124,
97017,0.08131,0.07267,,,,,0.080905,0.072292,
97294,0.0173,0.0141,,,,,0.01715,0.01396,
98160,0.998,0.998,,,,,0.998,0.998,
98219,0.39254,0.54678,,,,,0.39977,0.553528,
98354,0.004666667,0.0036,,,,,0.004616667,0.003553333,
99556,0.622298966,0.675322808,,,,,0.624784458,0.677642601,
100834,0.967,0.967,,,,,0.967,0.967,
100893,0.229245219,0.258251932,,,,,0.230604908,0.259520976,
101028,0.01436,0.01372,,,,,0.01433,0.013692,
102171,0.996,0.996,,,,,0.996,0.996,
102230,0.48481167,0.591357651,,,,,0.489806013,0.596019038,
103508,0.918966667,0.9371,,,,,0.919816667,0.937893333,
103567,0.078133333,0.1016,,,,,0.079233333,0.102626667,
103702,0.03708,0.03196,,,,,0.03684,0.031736,
103979,0.007766667,0.0067,,,,,0.007716667,0.006653333,
104302,0.710845497,0.78008891,,,,,0.714091282,0.783118309,
104845,0.705,0.737,,,,,0.7065,0.7384,
104904,0.008433067,0.01132593,,,,,0.00856867,0.011452493,
105039,0.119593333,0.10082,,,,,0.118713333,0.099998667,
105316,0.016233333,0.0173,,,,,0.016283333,0.017346667,
105595,0.0492,0.0684,,,,,0.0501,0.06924,
106182,0.6556,0.7132,,,,,0.6583,0.71572,
106241,0.022992062,0.027239103,,,,,0.023191142,0.027424911,
106376,0.14642,0.13554,,,,,0.14591,0.135064,
106653,0.039933333,0.0442,,,,,0.040133333,0.044386667,
107519,0.941233333,0.9743,,,,,0.942783333,0.975746667,
107578,0.139383698,0.145709176,,,,,0.139680205,0.145985915,
107713,0.03964,0.03708,,,,,0.03952,0.036968,
107990,0.012466667,0.0146,,,,,0.012566667,0.014693333,
108856,0.623166667,0.6285,,,,,0.623416667,0.628733333,
108915,0.076197056,0.095383595,,,,,0.077096425,0.096223006,
109050,0.084096667,0.07631,,,,,0.083731667,0.075969333,
109327,0.022533333,0.0204,,,,,0.022433333,0.020306667,
109650,0.922404313,0.89381786,,,,,0.921064323,0.892567203,
110193,0.866133333,0.8896,,,,,0.867233333,0.890626667,
110252,0.102866667,0.1434,,,,,0.104766667,0.145173333,
110387,0.02709,0.02293,,,,,0.026895,0.022748,
110664,0.0063,0.0031,,,,,0.00615,0.00296,
110987,0.962301877,0.98750497,,,,,0.963483272,0.988607605,
111589,0.667600279,0.757201555,,,,,0.671800339,0.761121611,
112324,0.968888197,0.98043881,,,,,0.969429632,0.980944149,
112926,0.59264,0.86528,,,,,0.60542,0.877208,
113061,0.007343333,0.00617,,,,,0.007288333,0.006118667,
114263,0.92168,0.99336,,,,,0.92504,0.996496,
114398,0.002683333,0.00215,,,,,0.002658333,0.002126667,
115541,0.884,0.916,,,,,0.8855,0.9174,
115600,0.044105682,0.065160226,,,,,0.045092613,0.066081362,
115735,0.067223333,0.05773,,,,,0.066778333,0.057314667,
116012,0.002766667,0.0017,,,,,0.002716667,0.001653333,
116335,0.99239037,1.02262109,,,,,0.993807435,1.023943684,
116878,0.8252,0.8444,,,,,0.8261,0.84524,
116937,0.065296721,0.099280602,,,,,0.066889716,0.100767397,
117072,0.03694,0.03118,,,,,0.03667,0.030928,
117349,0.003233333,0.0043,,,,,0.003283333,0.004346667,
118215,0.953933333,0.9582,,,,,0.954133333,0.958386667,
118274,0.09932,0.12044,,,,,0.10031,0.121364,
118409,0.02175,0.01695,,,,,0.021525,0.01674,
118686,0.001,0.001,,,,,0.001,0.001,
119552,0.833033333,0.8469,,,,,0.833683333,0.847506667,
119611,0.00937,0.00969,,,,,0.009385,0.009704,
119746,0.038193333,0.03542,,,,,0.038063333,0.035298667,
120346,0.998848467,0.999961,,,,,0.998900617,1.000009673,
120889,0.998,0.998,,,,,0.998,0.998,
120948,0.667976003,0.925771465,,,,,0.680060165,0.937050016,
121083,0.004366667,0.0033,,,,,0.004316667,0.003253333,
123622,0.540448301,0.810929119,,,,,0.553127089,0.822762654,
123757,0.004936667,0.00419,,,,,0.004901667,0.004157333,
124959,0.425516667,0.50605,,,,,0.429291667,0.509573333,
125094,0.00413,0.00381,,,,,0.004115,0.003796,
126237,0.931766667,0.9307,,,,,0.931716667,0.930653333,
126296,0.2369,0.3553,,,,,0.24245,0.36048,
126431,0.019103333,0.01729,,,,,0.019018333,0.017210667,
126708,0.018533333,0.0164,,,,,0.018433333,0.016306667,
127031,1.000069913,1.00042746,,,,,1.000086673,1.000443103,
127633,0.770780831,0.897778915,,,,,0.776733866,0.903335081,
127768,0.003406667,0.00298,,,,,0.003386667,0.002961333,
128368,0.99403964,0.99890108,,,,,0.99426752,0.999113768,
128911,0.962533333,0.9604,,,,,0.962433333,0.960306667,
128970,0.219462937,0.308436362,,,,,0.223633566,0.31232895,
129105,0.021786667,0.01944,,,,,0.021676667,0.019337333,
129705,0.987841333,0.9885208,,,,,0.987873183,0.988550527,
130248,0.933533333,0.9314,,,,,0.933433333,0.931306667,
130307,0.043395746,0.058004869,,,,,0.044080548,0.058644019,
130442,0.026543333,0.01897,,,,,0.026188333,0.018638667,
131585,0.582833333,0.6095,,,,,0.584083333,0.610666667,
131644,0.090995101,0.143544135,,,,,0.093458337,0.145843156,
131779,0.087526667,0.07622,,,,,0.086996667,0.075725333,
132056,0.062133333,0.0536,,,,,0.061733333,0.053226667,
132922,0.639433333,0.6597,,,,,0.640383333,0.660586667,
132981,0.065833333,0.0925,,,,,0.067083333,0.093666667,
133116,0.06512,0.06384,,,,,0.06506,0.063784,
134259,0.986066667,0.9818,,,,,0.985866667,0.981613333,
134453,0.03194,0.02938,,,,,0.03182,0.029268,
135053,0.993466943,0.99248977,,,,,0.993421138,0.992447019,
135596,0.975733333,0.9928,,,,,0.976533333,0.993546667,
135655,0.802233333,0.8673,,,,,0.805283333,0.870146667,
135790,0.004643333,0.00347,,,,,0.004588333,0.003418667,
138270,0.99,0.99,,,,,0.99,0.99,
138329,0.375703405,0.502347544,,,,,0.381639849,0.507888225,
138464,0.011283333,0.01075,,,,,0.011258333,0.010726667,
139064,0.942287423,0.91062353,,,,,0.940803178,0.909238235,
139607,0.8717,0.9069,,,,,0.87335,0.90844,
139666,0.161159101,0.256514991,,,,,0.165628908,0.260686811,
139801,0.035596667,0.03101,,,,,0.035381667,0.030809333,
140078,0.001,0.001,,,,,0.001,0.001,
140401,0.83548703,0.88607231,,,,,0.837858215,0.888285416,
140944,0.6274,0.6978,,,,,0.6307,0.70088,
141003,0.01938332,0.033021352,,,,,0.020022602,0.033618016,
141138,0.087036667,0.07349,,,,,0.086401667,0.072897333,
141415,0.002,0.002,,,,,0.002,0.002,
142281,0.984,0.984,,,,,0.984,0.984,
142340,0.639743333,0.85937,,,,,0.650038333,0.868978667,
142475,0.010463333,0.00801,,,,,0.010348333,0.007902667,
143075,0.877102597,0.80401001,,,,,0.873676382,0.800812209,
143677,0.210126667,0.31402,,,,,0.214996667,0.318565333,
143812,0.011253333,0.00784,,,,,0.011093333,0.007690667,
144412,0.74398309,0.70934853,,,,,0.742359595,0.707833268,
144955,0.8054,0.8118,,,,,0.8057,0.81208,
145014,0.037417429,0.050963103,,,,,0.038052382,0.051555726,
145149,0.11914,0.11658,,,,,0.11902,0.116468,
145426,0.223833333,0.2185,,,,,0.223583333,0.218266667,
146292,0.697933333,0.7342,,,,,0.699633333,0.735786667,
146351,0.006727952,0.012278516,,,,,0.006988134,0.012521353,
146486,0.09358,0.06286,,,,,0.09214,0.061516,
146763,0.014833333,0.0095,,,,,0.014583333,0.009266667,
147823,0.019343333,0.01497,,,,,0.019138333,0.014778667,
149025,0.653305315,0.664748198,,,,,0.6538417,0.665248825,
149760,1.002368883,1.06072035,,,,,1.005104108,1.063273227,
150303,0.9408,0.9536,,,,,0.9414,0.95416,
150362,0.542563333,0.74171,,,,,0.551898333,0.750422667,
150497,0.008596667,0.00721,,,,,0.008531667,0.007149333,
151699,0.819626667,0.95872,,,,,0.826146667,0.964805333,
151834,0.002813333,0.00196,,,,,0.002773333,0.001922667,
153036,0.510236773,0.679227734,,,,,0.518158224,0.686621089,
153771,0.934957377,0.95000687,,,,,0.935662822,0.950665285,
154314,0.993,0.993,,,,,0.993,0.993,
154373,0.390673333,0.51718,,,,,0.396603333,0.522714667,
154508,0.012026667,0.01032,,,,,0.011946667,0.010245333,
155651,0.453,0.485,,,,,0.4545,0.4864,
155710,0.006790841,0.008120402,,,,,0.006853165,0.008178571,
155845,0.06928,0.05456,,,,,0.06859,0.053916,
156122,0.005766667,0.0047,,,,,0.005716667,0.004653333,
156988,0.770066667,0.8298,,,,,0.772866667,0.832413333,
157047,0.011101486,0.01769732,,,,,0.011410666,0.017985887,
157182,0.09738,0.06986,,,,,0.09609,0.068656,
157459,0.120266667,0.1032,,,,,0.119466667,0.102453333,
158325,0.997166667,1.0025,,,,,0.997416667,1.002733333,
158384,0.588378047,0.731820547,,,,,0.595101914,0.738096156,
158519,0.008053333,0.00784,,,,,0.008043333,0.007830667,
158796,0.004,0.004,,,,,0.004,0.004,
159662,0.9771,0.9867,,,,,0.97755,0.98712,
159721,0.185660739,0.289252687,,,,,0.190516611,0.293784834,
159856,0.01647,0.00719,,,,,0.016035,0.006784,
160133,0.001,0.001,,,,,0.001,0.001,
160999,0.5936,0.6512,,,,,0.5963,0.65372,
161058,0.008980088,0.013003345,,,,,0.009168678,0.013179362,
161193,0.149946667,0.12136,,,,,0.148606667,0.120109333,
161470,0.011533333,0.0094,,,,,0.011433333,0.009306667,
162395,0.497653333,0.62864,,,,,0.503793333,0.634370667,
162530,0.006776667,0.00667,,,,,0.006771667,0.006665333,
163673,0.9397,0.9429,,,,,0.93985,0.94304,
163732,0.040317187,0.044052901,,,,,0.040492299,0.044216339,
163867,0.039366667,0.0383,,,,,0.039316667,0.038253333,
164467,0.750030783,0.77242385,,,,,0.751080458,0.773403547,
165010,0.482,0.514,,,,,0.4835,0.5154,
165069,0.016557798,0.026713988,,,,,0.01703387,0.027158321,
165204,0.095143333,0.08757,,,,,0.094788333,0.087238667,
165481,0.005766667,0.0047,,,,,0.005716667,0.004653333,
165804,0.971078693,0.98364552,,,,,0.971667763,0.984195319,
166347,0.996466667,0.9986,,,,,0.996566667,0.998693333,
166406,0.217438793,0.287101848,,,,,0.220704249,0.290149607,
166541,0.016363333,0.01711,,,,,0.016398333,0.017142667,
166818,0.012233333,0.0133,,,,,0.012283333,0.013346667,
167141,0.939380873,0.91552658,,,,,0.938262703,0.914482955,
167684,0.927733333,0.9448,,,,,0.928533333,0.945546667,
167743,0.223756667,0.29533,,,,,0.227111667,0.298461333,
167878,0.017956667,0.01593,,,,,0.017861667,0.015841333,
168155,0.003,0.003,,,,,0.003,0.003,
169021,0.8943,0.8911,,,,,0.89415,0.89096,
169080,0.142285613,0.170053778,,,,,0.143587246,0.171268635,
169215,0.04372,0.03924,,,,,0.04351,0.039044,
169815,0.8846764,0.8140908,,,,,0.8813677,0.81100268,
170358,0.9531,0.9627,,,,,0.95355,0.96312,
170417,0.227414755,0.332167919,,,,,0.232325059,0.33675087,
170505,0.000194867,0.0003634,,,,,0.000202767,0.000370773,
170552,0.020423333,0.01733,,,,,0.020278333,0.017194667,
170829,0.006233333,0.0073,,,,,0.006283333,0.007346667,
171754,0.671514291,0.798314138,,,,,0.677458034,0.803861632,
171889,0.00423,0.00391,,,,,0.004215,0.003896,
172489,0.98849411,1.04043747,,,,,0.990928955,1.042709992,
173032,0.794566667,0.8383,,,,,0.796616667,0.840213333,
173091,0.106691721,0.18299673,,,,,0.110268518,0.186335074,
173226,0.034236667,0.02389,,,,,0.033751667,0.023437333,
173503,0.001,0.001,,,,,0.001,0.001,
173826,0.953845783,0.93194765,,,,,0.952819308,0.930989607,
174369,0.98,0.98,,,,,0.98,0.98,
174428,0.320716507,0.378849108,,,,,0.323441472,0.381392409,
174563,0.008486667,0.00614,,,,,0.008376667,0.006037333,
175163,0.895644297,0.93664451,,,,,0.897566182,0.938438269,
175706,0.816033333,0.8299,,,,,0.816683333,0.830506667,
175765,0.238081486,0.343596848,,,,,0.243027518,0.348213145,
175900,0.036503333,0.03149,,,,,0.036268333,0.031270667,
176177,0.001,0.001,,,,,0.001,0.001,
176500,0.885205443,1.04576747,,,,,0.892731788,1.052792059,
177043,0.462666667,0.484,,,,,0.463666667,0.484933333,
177102,0.009637955,0.012097178,,,,,0.009753231,0.012204769,
177237,0.11399,0.09383,,,,,0.113045,0.092948,
177514,0.116166667,0.1215,,,,,0.116416667,0.121733333,
178380,0.7912,0.8424,,,,,0.7936,0.84464,
178439,0.00262113,0.004677568,,,,,0.002717526,0.004767537,
178574,0.060636667,0.05349,,,,,0.060301667,0.053177333,
178851,0.006766667,0.0057,,,,,0.006716667,0.005653333,
179174,0.878834203,0.87379559,,,,,0.878598018,0.873575151,
179717,0.874233333,0.9073,,,,,0.875783333,0.908746667,
179776,0.05076153,0.061757745,,,,,0.051276977,0.062238829,
179911,0.05387,0.03819,,,,,0.053135,0.037504,
180188,0.140666667,0.13,,,,,0.140166667,0.129533333,
181054,0.843533333,0.8734,,,,,0.844933333,0.874706667,
181113,0.016340365,0.026582033,,,,,0.016820443,0.027030105,
181248,0.051226667,0.03992,,,,,0.050696667,0.039425333,
181525,0.003766667,0.0027,,,,,0.003716667,0.002653333,
181848,0.998480933,1.0153204,,,,,0.999270283,1.016057127,
182450,0.898566667,1.0831,,,,,0.907216667,1.091173333,
182585,0.00486,0.00422,,,,,0.00483,0.004192,
183728,0.9685,0.9845,,,,,0.96925,0.9852,
183787,0.361587892,0.412275399,,,,,0.363963869,0.414492978,
184522,0.997639953,1.00972934,,,,,0.998206643,1.010258251,
185124,0.716062202,0.800460838,,,,,0.720018388,0.804153279,
185259,0.006206667,0.00578,,,,,0.006186667,0.005761333,
186402,0.8452,0.8644,,,,,0.8461,0.86524,
186461,0.042685116,0.05953136,,,,,0.043474784,0.060268383,
186596,0.028166667,0.0239,,,,,0.027966667,0.023713333,
186873,0.001,0.001,,,,,0.001,0.001,
187196,0.45883819,0.48539403,,,,,0.460082995,0.486555848,
187739,0.484833333,0.5115,,,,,0.486083333,0.512666667,
187798,0.004371639,0.006509846,,,,,0.004471867,0.006603392,
187933,0.14568,0.11176,,,,,0.14409,0.110276,
188210,0.007533333,0.0054,,,,,0.007433333,0.005306667,
189076,0.6106,0.6362,,,,,0.6118,0.63732,
189135,0.080495679,0.138990211,,,,,0.08323761,0.141549346,
189270,0.14318,0.12526,,,,,0.14234,0.124476,
189547,0.035766667,0.0347,,,,,0.035716667,0.034653333,
190413,0.968166667,0.9735,,,,,0.968416667,0.973733333,
191207,0.99053806,0.98707182,,,,,0.99037558,0.986920172,
191809,0.89086,0.98942,,,,,0.89548,0.993732,
191944,0.003583333,0.00305,,,,,0.003558333,0.003026667,
193087,0.897366667,0.9219,,,,,0.898516667,0.922973333,
193146,0.189949345,0.295774922,,,,,0.194909919,0.300404791,
193281,0.012296667,0.01091,,,,,0.012231667,0.010849333,
193881,0.69007181,0.73928237,,,,,0.692378555,0.741435332,
194424,0.904866667,0.9134,,,,,0.905266667,0.913773333,
194483,0.069483251,0.076263827,,,,,0.069801091,0.076560477,
194618,0.09483,0.08811,,,,,0.094515,0.087816,
194895,0.001,0.001,,,,,0.001,0.001,
195955,0.02351,0.02127,,,,,0.023405,0.021172,
196555,0.974043903,0.97453169,,,,,0.974066768,0.974553031,
197098,0.932333333,0.943,,,,,0.932833333,0.943466667,
197157,0.248914654,0.367838787,,,,,0.254489223,0.373041718,
197292,0.02118,0.01926,,,,,0.02109,0.019176,
197569,0.007533333,0.0054,,,,,0.007433333,0.005306667,
198435,0.3788,0.3916,,,,,0.3794,0.39216,
198494,0.018565102,0.021579999,,,,,0.018706426,0.021711901,
198629,0.071013333,0.06696,,,,,0.070823333,0.066782667,
198906,0.007,0.007,,,,,0.007,0.007,
199772,0.873133333,0.9286,,,,,0.875733333,0.931026667,
199831,0.130200977,0.2129483,,,,,0.134079758,0.216568496,
199966,0.02537,0.02249,,,,,0.025235,0.022364,
200243,0.002,0.002,,,,,0.002,0.002,
201109,0.847733333,0.8648,,,,,0.848533333,0.865546667,
201168,0.2779,0.3963,,,,,0.28345,0.40148,
201303,0.023316667,0.01745,,,,,0.023041667,0.017193333,
201580,0.003766667,0.0027,,,,,0.003716667,0.002653333,
202446,0.909033333,0.9229,,,,,0.909683333,0.923506667,
202505,0.061394867,0.06914283,,,,,0.061758053,0.069481804,
202640,0.033793333,0.03102,,,,,0.033663333,0.030898667,
202917,0.001,0.001,,,,,0.001,0.001,
203240,0.953695883,0.94958335,,,,,0.953503108,0.949403427,
203842,0.523496667,0.69491,,,,,0.531531667,0.702409333,
203977,0.006936667,0.00619,,,,,0.006901667,0.006157333,
205120,0.992166667,0.9975,,,,,0.992416667,0.997733333,
205179,0.444956667,0.55493,,,,,0.450111667,0.559741333,
205314,0.00399,0.00303,,,,,0.003945,0.002988,
206516,0.291968277,0.353080403,,,,,0.294832908,0.355754058,
207853,0.408029488,0.581878578,,,,,0.416178664,0.589484476,
207988,0.008996667,0.00761,,,,,0.008931667,0.007549333,
208588,0.93420024,0.88724088,,,,,0.93199902,0.885186408,
209190,0.314033333,0.4559,,,,,0.320683333,0.462106667,
209325,0.016216667,0.01035,,,,,0.015941667,0.010093333,
209925,0.934194653,0.94045044,,,,,0.934487893,0.940724131,
210468,0.9654,0.9718,,,,,0.9657,0.97208,
210527,0.274134759,0.400007944,,,,,0.280035065,0.405514896,
210662,0.013683333,0.00995,,,,,0.013508333,0.009786667,
211805,0.693333333,0.704,,,,,0.693833333,0.704466667,
211864,0.025084449,0.0430528,,,,,0.025926715,0.043838915,
211999,0.076123333,0.03783,,,,,0.074328333,0.036154667,
212276,0.030066667,0.0258,,,,,0.029866667,0.025613333,
213142,0.966033333,0.9799,,,,,0.966683333,0.980506667,
213201,0.051406891,0.069267732,,,,,0.052244118,0.070049144,
213336,0.018513333,0.01766,,,,,0.018473333,0.017622667,
214538,0.503178006,0.501028449,,,,,0.503077245,0.500934406,
214673,0.003783333,0.00325,,,,,0.003758333,0.003226667,
215816,0.9159,0.9703,,,,,0.91845,0.97268,
215875,0.148862637,0.162384029,,,,,0.149496452,0.16297559,
216010,0.0617,0.0521,,,,,0.06125,0.05168,
216287,0.015,0.015,,,,,0.015,0.015,
217153,0.9714,0.9778,,,,,0.9717,0.97808,
217212,0.346119423,0.556951071,,,,,0.356002157,0.566174956,
217347,0.01206,0.00822,,,,,0.01188,0.008052,
217947,0.755007873,0.81587038,,,,,0.757860803,0.818533115,
218490,0.712433333,0.7327,,,,,0.713383333,0.733586667,
218549,0.084732611,0.120081688,,,,,0.086389599,0.12162821,
218684,0.07854,0.05358,,,,,0.07737,0.052488,
218961,0.006,0.006,,,,,0.006,0.006,
219284,0.98027601,0.96578097,,,,,0.979596555,0.965146812,
219827,0.992766667,0.9917,,,,,0.992716667,0.991653333,
219886,0.354016667,0.45695,,,,,0.358841667,0.461453333,
220021,0.00775,0.00615,,,,,0.007675,0.00608,
221164,0.963,0.963,,,,,0.963,0.963,
221223,0.416718342,0.56720219,,,,,0.423772272,0.573785858,
221358,0.0139,0.0139,,,,,0.0139,0.0139,
222501,0.554466667,0.5886,,,,,0.556066667,0.590093333,
222560,0.002484277,0.002877098,,,,,0.00250269,0.002894284,
222695,0.2046,0.1918,,,,,0.204,0.19124,
222972,0.017466667,0.0196,,,,,0.017566667,0.019693333,
223897,0.717433333,0.8017,,,,,0.721383333,0.805386667,
224032,0.002753333,0.00254,,,,,0.002743333,0.002530667,
226571,0.63879,0.73383,,,,,0.643245,0.737988,
226706,0.008843333,0.00767,,,,,0.008788333,0.007618667,
227306,0.967369697,0.95813311,,,,,0.966936732,0.957729009,
227849,0.996,0.996,,,,,0.996,0.996,
227908,0.60457,0.77449,,,,,0.612535,0.781924,
228043,0.00376,0.00312,,,,,0.00373,0.003092,
229186,0.802466667,0.8046,,,,,0.802566667,0.804693333,
229245,0.023150764,0.037554255,,,,,0.023825927,0.038184408,
229380,0.034883333,0.03435,,,,,0.034858333,0.034326667,
230582,0.011382845,0.012116508,,,,,0.011417235,0.012148605,
230717,0.167516667,0.16485,,,,,0.167391667,0.164733333,
230994,0.005766667,0.0047,,,,,0.005716667,0.004653333,
231317,0.970884613,0.98527736,,,,,0.971559273,0.985907043,
231860,0.9239,0.9463,,,,,0.92495,0.94728,
231919,0.07981435,0.075977086,,,,,0.079634478,0.075809206,
232054,0.07068,0.06236,,,,,0.07029,0.061996,
232331,0.173933333,0.1782,,,,,0.174133333,0.178386667,
233391,0.122063333,0.10041,,,,,0.121048333,0.099462667,
233668,0.030533333,0.0284,,,,,0.030433333,0.028306667,
233991,0.997832653,0.99789644,,,,,0.997835643,0.997899231,
234593,0.577,0.6954,,,,,0.58255,0.70058,
234728,0.00516,0.00452,,,,,0.00513,0.004492,
235328,0.948439937,0.93768399,,,,,0.947935752,0.937213417,
235871,0.8854,0.9238,,,,,0.8872,0.92548,
235930,0.04447896,0.07043992,,,,,0.04569588,0.071575712,
236065,0.011286667,0.00894,,,,,0.011176667,0.008837333,
236342,0.001,0.001,,,,,0.001,0.001,
236665,0.88287405,0.81182925,,,,,0.879543825,0.80872104,
237208,0.983,0.983,,,,,0.983,0.983,
237267,0.583612086,0.874410192,,,,,0.597243247,0.887132609,
237402,0.01071,0.00847,,,,,0.010605,0.008372,
238002,0.93901101,0.92891597,,,,,0.938537805,0.928474312,
238545,0.938,0.938,,,,,0.938,0.938,
238604,0.294177838,0.363562239,,,,,0.297430232,0.366597807,
238739,0.018816667,0.01935,,,,,0.018841667,0.019373333,
240676,0.98207121,0.97188017,,,,,0.981593505,0.971434312,
241219,0.951,0.951,,,,,0.951,0.951,
241278,0.180133946,0.272174844,,,,,0.184448363,0.276201633,
241413,0.02371,0.02467,,,,,0.023755,0.024712,
242556,0.5651,0.5427,,,,,0.56405,0.54172,
242750,0.08314,0.07418,,,,,0.08272,0.073788,
243893,0.931733333,0.9488,,,,,0.932533333,0.949546667,
243952,0.159845888,0.245541378,,,,,0.163862865,0.249290556,
244087,0.023823333,0.02073,,,,,0.023678333,0.020594667,
244364,0.011,0.011,,,,,0.011,0.011,
245230,0.659833333,0.7185,,,,,0.662583333,0.721066667,
245289,0.043033068,0.052327094,,,,,0.043468726,0.052733708,
245424,0.114316667,0.10205,,,,,0.113741667,0.101513333,
245701,0.2587,0.2619,,,,,0.25885,0.26204,
246024,0.960949753,0.95345834,,,,,0.960598593,0.953130591,
246626,0.815713333,0.79566,,,,,0.814773333,0.794782667,
246761,0.003206667,0.00278,,,,,0.003186667,0.002761333,
247361,0.97542861,0.96338157,,,,,0.974863905,0.962854512,
247963,0.793933333,0.8942,,,,,0.798633333,0.898586667,
248098,0.00483,0.00451,,,,,0.004815,0.004496,
249241,0.8924,0.8988,,,,,0.8927,0.89908,
249300,0.131749615,0.208319281,,,,,0.135338818,0.211669204,
249435,0.016616667,0.01395,,,,,0.016491667,0.013833333,
250035,0.96234038,0.95261686,,,,,0.96188459,0.952191456,
250578,0.673,0.705,,,,,0.6745,0.7064,
250637,0.088589854,0.16453801,,,,,0.092149924,0.167860742,
250772,0.06738,0.05906,,,,,0.06699,0.058696,
251049,0.002233333,0.0033,,,,,0.002283333,0.003346667,
251915,0.5363,0.5331,,,,,0.53615,0.53296,
251974,0.017685658,0.025391525,,,,,0.018046871,0.025728657,
252109,0.07251,0.05107,,,,,0.071505,0.050132,
252386,0.056133333,0.0476,,,,,0.055733333,0.047226667,
253252,0.9565,0.9725,,,,,0.95725,0.9732,
253311,0.222122959,0.321885057,,,,,0.226799307,0.326249649,
253446,0.015416667,0.01275,,,,,0.015291667,0.012633333,
253723,0.012533333,0.0104,,,,,0.012433333,0.010306667,
254589,0.645333333,0.688,,,,,0.647333333,0.689866667,
254648,0.001507417,0.001954639,,,,,0.001528381,0.001974205,
254783,0.068173333,0.05388,,,,,0.067503333,0.053254667,
255926,0.574733333,0.5918,,,,,0.575533333,0.592546667,
255985,0.023633333,0.0311,,,,,0.023983333,0.031426667,
256120,0.106546667,0.10036,,,,,0.106256667,0.100089333,
256397,0.037833333,0.0325,,,,,0.037583333,0.032266667,
257263,0.9897,0.9929,,,,,0.98985,0.99304,
257322,0.079329467,0.113756042,,,,,0.080943212,0.115262205,
257457,0.014696667,0.01331,,,,,0.014631667,0.013249333,
258659,0.335310036,0.391584489,,,,,0.337947901,0.394046496,
258794,0.02348,0.02156,,,,,0.02339,0.021476,
259071,0.015233333,0.0163,,,,,0.015283333,0.016346667,
259394,0.987764787,0.98987764,,,,,0.987863827,0.989970077,
259937,0.944433333,0.9647,,,,,0.945383333,0.965586667,
259996,0.190999425,0.282425369,,,,,0.195285016,0.286425254,
260131,0.019606667,0.01598,,,,,0.019436667,0.015821333,
260408,0.001,0.001,,,,,0.001,0.001,
260731,0.98875159,1.00085943,,,,,0.989319145,1.001389148,
261274,0.9829,1.0053,,,,,0.98395,1.00628,
261333,0.319083333,0.46895,,,,,0.326108333,0.475506667,
261468,0.018306667,0.01148,,,,,0.017986667,0.011181333,
262611,0.711033333,0.6609,,,,,0.708683333,0.658706667,
262670,0.015585656,0.022543594,,,,,0.015911809,0.022848004,
262805,0.06093,0.05421,,,,,0.060615,0.053916,
265285,0.972033333,0.9859,,,,,0.972683333,0.986506667,
265344,0.1,0.1,,,,,0.1,0.1,
265479,0.033923333,0.03083,,,,,0.033778333,0.030694667,
266622,0.681733333,0.7308,,,,,0.684033333,0.732946667,
266681,0.043607641,0.075095584,,,,,0.045083638,0.076473182,
266816,0.089513333,0.06626,,,,,0.088423333,0.065242667,
267093,0.0657,0.0689,,,,,0.06585,0.06904,
267416,0.892439827,0.88647012,,,,,0.892159997,0.886208945,
267959,0.9777,0.9809,,,,,0.97785,0.98104,
268018,0.072641218,0.105286788,,,,,0.074171479,0.106715031,
268153,0.013126667,0.01142,,,,,0.013046667,0.011345333,
268430,0.01,0.01,,,,,0.01,0.01,
269296,0.995766667,0.9947,,,,,0.995716667,0.994653333,
269355,0.682026976,1.01129315,,,,,0.697461328,1.025698545,
269490,0.00926,0.00862,,,,,0.00923,0.008592,
270090,0.982518113,0.97192526,,,,,0.982021573,0.971461823,
270692,0.77302,0.87414,,,,,0.77776,0.878564,
270827,0.00573,0.00541,,,,,0.005715,0.005396,
271427,0.967614377,0.99699027,,,,,0.968991372,0.998275465,
271970,0.99,0.99,,,,,0.99,0.99,
272029,0.773897402,0.883142666,,,,,0.779018273,0.887922146,
272164,0.007753333,0.00754,,,,,0.007743333,0.007530667,
273307,0.9864,0.9928,,,,,0.9867,0.99308,
273366,0.379519437,0.560179722,,,,,0.387987888,0.568083609,
273501,0.01277,0.00989,,,,,0.012635,0.009764,
273778,0.007233333,0.0083,,,,,0.007283333,0.008346667,
274644,0.873833333,0.8685,,,,,0.873583333,0.868266667,
274703,0.086332098,0.138565477,,,,,0.088780538,0.140850688,
274838,0.046063333,0.04041,,,,,0.045798333,0.040162667,
275115,0.002,0.002,,,,,0.002,0.002,
275981,0.8631,0.9047,,,,,0.86505,0.90652,
276040,0.072791261,0.094694166,,,,,0.073817959,0.095652418,
276175,0.02038,0.01846,,,,,0.02029,0.018376,
276775,0.9415086,0.9440174,,,,,0.9416262,0.94412716,
277377,0.237292904,0.369831895,,,,,0.243505669,0.375630476,
277512,0.016756667,0.01473,,,,,0.016661667,0.014641333,
277789,0.006,0.006,,,,,0.006,0.006,
278655,0.890266667,0.9372,,,,,0.892466667,0.939253333,
278714,0.238151532,0.378023919,,,,,0.24470805,0.384143336,
278849,0.023893333,0.02112,,,,,0.023763333,0.020998667,
279126,0.004,0.004,,,,,0.004,0.004,
280051,0.273305455,0.27290361,,,,,0.273286618,0.272886029,
280786,0.836763473,0.82218278,,,,,0.836080003,0.821544875,
281329,0.823133333,0.7826,,,,,0.821233333,0.780826667,
281388,0.250901889,0.429836237,,,,,0.259289436,0.437664615,
281523,0.025203333,0.02339,,,,,0.025118333,0.023310667,
282666,0.544866667,0.5214,,,,,0.543766667,0.520373333,
282725,0.059733813,0.103774101,,,,,0.061798202,0.105700864,
282860,0.069506667,0.05948,,,,,0.069036667,0.059041333,
283137,0.001,0.001,,,,,0.001,0.001,
283460,0.969642513,1.05582406,,,,,0.973682273,1.059594503,
284003,0.598066667,0.6258,,,,,0.599366667,0.627013333,
284062,0.055365051,0.085833856,,,,,0.056793276,0.087166866,
284197,0.109863333,0.08821,,,,,0.108848333,0.087262667,
284474,0.132366667,0.1249,,,,,0.132016667,0.124573333,
285340,0.797233333,0.7983,,,,,0.797283333,0.798346667,
285399,0.118500562,0.164217415,,,,,0.120643539,0.166217527,
285534,0.095696667,0.09431,,,,,0.095631667,0.094249333,
285811,0.156066667,0.1198,,,,,0.154366667,0.118213333,
